EMPLOYER ID,TOTAL_ARREARS,MAX_CONSECUTIVE_MISSED,AVG_CONTRIBUTION_RATIO,MONTHS_WITH_SANCTIONS,DEFAULT_LABEL
XXXXX0010_20190102,122179.86,0,1.0,48,0
XXXXX0011_20070122,-495630.249312,0,1.0,48,0
XXXXX0011_20180102,41715.0,0,0.9930555555555555,48,1
XXXXX0025_20180103,631.53,0,1.0,48,0
XXXXX0027_20220105,2214.0,0,1.0,48,0
XXXXX0048_20201019,-1693.16,0,1.0,48,0
XXXXX0061_20150108,-11143.86,0,1.0,48,0
XXXXX0079_19991217,-525787.888368,0,1.0,48,0
XXXXX0089_20160111,115020.0,0,1.0,48,0
XXXXX0091_19980609,-723424.8,0,1.0,48,0
XXXXX0097_20080128,-41596.4,0,1.0,48,0
XXXXX0106_20070517,0.0,0,1.0,48,0
XXXXX0109_20120522,0.0,0,1.0,48,0
XXXXX0110_20160112,75558.63,0,1.0,48,0
XXXXX0112_20200109,11495.25,0,1.0,48,0
XXXXX0116_20180108,1491.1,0,1.0,48,0
XXXXX0144_19930628,15577.010000000002,0,1.0,48,0
XXXXX0150_20190110,5924.88,0,1.0,48,0
XXXXX0152_20011030,0.0,0,1.0,48,0
XXXXX0155_20210111,35441.1,0,0.9583333333333334,48,1
XXXXX0165_20201021,0.0,0,1.0,48,0
XXXXX0170_20150115,10257.77,0,1.0,48,0
XXXXX0172_20190111,202.5,0,1.0,48,0
XXXXX0176_20181016,36115.92,0,0.9791666666666666,48,1
XXXXX0180_20220112,71820.23,0,0.9791821505696011,48,1
XXXXX0183_20190926,76770.33,0,0.9583333333333334,48,1
XXXXX0188_19990825,-77713.23799999998,0,1.0,48,0
XXXXX0193_20170114,10630.45,0,1.0,48,0
XXXXX0204_20020301,-46577.655,0,1.0,48,0
XXXXX0207_19920313,-25008.72,0,1.0,48,0
XXXXX0222_20070425,-3287.5999999999995,0,1.0,0,0
XXXXX0240_20210114,22727.57,0,0.9166666666666666,48,1
XXXXX0241_20160119,91913.0,0,1.0,48,0
XXXXX0250_20210817,1362.57,0,1.0,48,0
XXXXX0256_20050714,66009.0,0,1.0,48,0
XXXXX0260_20090420,-61193.6,0,0.998971613595698,0,0
XXXXX0272_20200115,1182.55,0,1.0,48,0
XXXXX0279_19961101,-13501.933247,0,0.979423309178744,48,1
XXXXX0279_20071012,54660.060000000005,0,1.0,48,0
XXXXX0280_20190930,45341.36,0,0.9937349085975321,48,1
XXXXX0293_20080206,185517.37,0,0.751437013702884,48,1
XXXXX0293_20181018,6640.44,0,1.0,48,0
XXXXX0297_20000904,0.0,0,1.0,48,0
XXXXX0300_20220117,-1466.35,0,1.0,48,0
XXXXX0311_20191001,-110.07,0,1.0,48,0
XXXXX0312_20160122,16185.279999999999,0,1.0,48,0
XXXXX0318_20031105,23420.88,0,1.0,48,0
XXXXX0318_20170119,21033.47,0,1.0,48,0
XXXXX0323_20220117,-52.30000000000007,0,1.0,48,0
XXXXX0333_20180116,2644.17,0,1.0,48,0
XXXXX0366_20210119,326470.5,0,0.7710956339007359,48,1
XXXXX0373_19991102,435294.31,0,0.7069200598670986,48,1
XXXXX0374_20120522,48.379999999999995,0,1.0,48,0
XXXXX0379_20010212,0.0,0,1.0,0,0
XXXXX0379_20181019,2822.58,0,0.9932962981925152,48,1
XXXXX0380_20140317,-7877.889999999992,0,1.0,48,0
XXXXX0381_19961023,85734.19,0,0.9791666666666666,48,1
XXXXX0383_20170123,-3303.96,0,1.0,48,0
XXXXX0392_20181019,14526.75,0,1.0,48,0
XXXXX0401_19960430,0.0,0,1.0,48,0
XXXXX0402_20191002,767702.73,0,0.6697631728379932,48,1
XXXXX0409_20191002,2982.29,0,1.0,48,0
XXXXX0411_20200120,-823.32,0,1.0,48,0
XXXXX0415_20090923,13938.75,0,0.9998544157621333,48,0
XXXXX0416_20100105,-10158.75,0,1.0,48,0
XXXXX0416_20160127,28391.36,0,0.8923395445134575,48,1
XXXXX0417_20171115,51411.909999999996,0,0.6956530926727708,48,1
XXXXX0419_20180118,189265.75,0,0.9583333333333334,48,1
XXXXX0420_20081110,854.82,0,1.0,48,0
XXXXX0422_19941214,-29881.661701999998,0,1.0,0,0
XXXXX0422_20030120,-45266.88,0,0.9797153123795067,0,1
XXXXX0422_20060313,1066478.3652999983,0,1.0,48,0
XXXXX0442_19980330,3745.17,0,0.9931015698484642,48,0
XXXXX0454_19910918,2455.96,0,1.0,48,0
XXXXX0462_20191003,0.0,0,1.0,48,0
XXXXX0463_20060406,228308.94,0,1.0,48,0
XXXXX0463_20181022,25220.23,0,1.0,48,0
XXXXX0464_20170125,-13270.5,0,1.0,0,0
XXXXX0467_20200120,6085.0,0,1.0,48,0
XXXXX0473_20200120,11996.71,0,0.8298611111111112,48,1
XXXXX0473_20210820,12253.23,0,0.9791666666666666,48,1
XXXXX0474_20030515,14347.25,0,1.0,48,0
XXXXX0476_19910806,386325.58999999997,0,1.0,48,0
XXXXX0478_20120710,-47250.0,0,1.0,0,0
XXXXX0489_19960203,-163438.359272,0,0.999823275507629,0,0
XXXXX0489_19991025,2411.424169,0,0.8923796906520453,48,1
XXXXX0494_20201029,13292.57,0,1.0,48,0
XXXXX0495_20020712,0.0,0,1.0,48,0
XXXXX0495_20200121,-4181.68,0,1.0,48,0
XXXXX0503_20180122,0.0,0,1.0,0,0
XXXXX0504_20080829,-370763.85000000003,0,1.0,48,0
XXXXX0507_20111019,47905.08,0,1.0,0,0
XXXXX0512_20041109,-732.99,0,1.0,0,0
XXXXX0514_20181023,16957.35,0,1.0,48,0
XXXXX0515_20111019,47.55000000000018,0,1.0,48,0
XXXXX0517_20220121,-28.230000000000004,0,1.0,48,0
XXXXX0523_20000627,-18175.56,0,1.0,0,0
XXXXX0524_20170126,358666.37,0,1.0,48,0
XXXXX0527_20191004,108186.0,0,0.9457123799066113,48,1
XXXXX0530_20090420,9588.32,0,1.0,48,0
XXXXX0530_20191004,2207.67,0,0.9583333333333334,48,1
XXXXX0531_20111123,126104.14,0,0.7669222753122226,48,1
XXXXX0534_20010410,-623094.43888,0,0.9999609479501749,48,0
XXXXX0536_20060201,12080.07,0,1.0,48,0
XXXXX0537_20051110,294646.73,0,0.999999856233265,48,0
XXXXX0538_20210823,68119.29,0,0.9919695995007923,48,1
XXXXX0539_20101216,-205.23000000000002,0,0.9791666666666666,48,1
XXXXX0549_20170127,9288.0,0,0.9166666666666666,48,1
XXXXX0551_20040623,3596.834095,0,1.0,48,0
XXXXX0551_20190122,208555.02,0,1.0,48,0
XXXXX0557_20171120,28355.66,0,0.9930555555555555,48,1
XXXXX0558_20201030,11548.710000000001,0,0.9811510439512924,48,1
XXXXX0561_20171120,71752.5,0,1.0,48,0
XXXXX0566_20180123,529.28,0,0.9999879469154224,48,0
XXXXX0568_20220124,49221.0,0,0.6666666666666666,48,1
XXXXX0572_20120522,645256.3400000001,0,0.9562078170481821,48,1
XXXXX0575_20090213,331002.53,0,0.9381563489852751,48,1
XXXXX0578_19931110,439637.98000000004,0,0.9931669047060079,48,1
XXXXX0578_20210824,58214.0,0,0.8541666666666666,48,1
XXXXX0580_20090213,902098.69,0,0.9352419483732914,48,1
XXXXX0582_19980727,158807.12,0,0.9720637254570336,48,1
XXXXX0586_20181024,796.5,0,1.0,48,0
XXXXX0592_20040304,-18139514.3274,0,0.999818131636772,0,0
XXXXX0599_19980522,1066478.3652999983,0,0.6328159973452565,48,1
XXXXX0605_19980623,0.0,0,1.0,48,0
XXXXX0608_20171121,11898.23,0,0.9583333333333334,48,1
XXXXX0609_20140328,684.44,0,1.0,48,0
XXXXX0610_19960327,-29545.92,0,1.0,48,0
XXXXX0621_20171121,174241.02,0,0.5217129764101222,48,1
XXXXX0644_19910807,96998.67234,0,1.0,48,0
XXXXX0644_20181025,-80172.7,0,1.0,48,0
XXXXX0654_19980608,-484955.1,0,1.0,48,0
XXXXX0654_20200123,-971.01,0,1.0,48,0
XXXXX0655_20130801,5292.0599999999995,0,0.9997005723975199,48,0
XXXXX0661_20190124,-567.27,0,1.0,0,0
XXXXX0662_20191008,0.0,0,1.0,48,0
XXXXX0663_20170131,178188.29,0,0.8949414604669661,48,1
XXXXX0669_19920416,5310.96,0,1.0,48,0
XXXXX0677_20010228,-76932.96,0,1.0,48,0
XXXXX0688_20020820,-373956.33092000004,0,0.9999999390948466,0,0
XXXXX0696_19990426,-1080771.732104,0,1.0,48,0
XXXXX0697_19910918,8938.77,0,0.9930555555555555,48,1
XXXXX0698_19990708,1875.6699999999983,0,1.0,48,0
XXXXX0698_20150216,42942.61,0,0.9859089140673442,48,0
XXXXX0701_19970401,-101498.97,0,1.0,0,0
XXXXX0702_19920317,2069.88,0,0.999672259036331,48,0
XXXXX0702_20181026,-98128.8,0,1.0,48,0
XXXXX0703_20020919,3362.25,0,1.0,48,0
XXXXX0733_20200124,27540.0,0,1.0,48,0
XXXXX0741_20160211,604.13,0,1.0,0,0
XXXXX0741_20190125,22480.04,0,1.0,48,0
XXXXX0742_20181026,4952.7,0,1.0,48,0
XXXXX0747_20010912,222499.82,0,0.9037162621920763,48,1
XXXXX0749_19940221,1066478.3652999983,0,0.37274214082992585,48,1
XXXXX0749_20220128,1020.6,0,1.0,48,0
XXXXX0769_20180129,0.0,0,1.0,48,0
XXXXX0772_19920129,-262266.94,0,1.0,0,0
XXXXX0775_19940706,-59700.969999999994,0,1.0,0,0
XXXXX0781_20190127,-17254.56,0,1.0,48,0
XXXXX0781_20210126,40831.64,0,1.0,48,0
XXXXX0787_20160215,38603.56,0,1.0,48,0
XXXXX0787_20181029,46623.5,0,0.8160790097863035,48,1
XXXXX0788_20201105,1066478.3652999983,0,0.9576466508794844,48,1
XXXXX0794_19911002,0.0,0,1.0,48,0
XXXXX0804_20010209,18789.75,0,1.0,0,0
XXXXX0810_20040212,342545.73,0,1.0,48,0
XXXXX0814_20220129,9103.25,0,1.0,48,0
XXXXX0815_20050121,-136721.96,0,1.0,48,0
XXXXX0816_20090420,23596.96,0,1.0,48,0
XXXXX0817_20220131,20980.62,0,0.9583333333333334,48,1
XXXXX0825_20080603,0.0,0,1.0,48,0
XXXXX0827_20071109,-8503.140000000001,0,0.9976590924252188,0,0
XXXXX0831_19960416,23430.65,0,1.0,48,0
XXXXX0837_19920210,3131.85,0,1.0,48,0
XXXXX0849_20180130,0.0,0,1.0,48,0
XXXXX0860_20090720,11697.64,0,0.9375,48,1
XXXXX0861_20201106,57703.0,0,0.3271604938271605,48,1
XXXXX0866_20030326,1319.1100000000024,0,1.0,0,0
XXXXX0867_20160217,0.0,0,1.0,48,0
XXXXX0882_20160217,44047.409999999996,0,0.9969714088757914,48,0
XXXXX0887_20191011,810.0,0,1.0,48,0
XXXXX0895_20110801,1587.6,0,1.0,48,0
XXXXX0902_20191011,3547.8799999999997,0,1.0,48,0
XXXXX0910_19950206,-54563.405856000005,0,1.0,48,0
XXXXX0928_20181101,-1300.3799999999999,0,1.0,48,0
XXXXX0928_20200129,148.17000000000002,0,1.0,48,0
XXXXX0933_20040209,26230.5,0,1.0,48,0
XXXXX0936_19970715,-2534154.33,0,1.0,0,0
XXXXX0946_19920129,-6131.716418,0,1.0,48,0
XXXXX0949_19920203,1066478.3652999983,0,0.8676482763518174,48,1
XXXXX0955_19930517,-473637.36,0,1.0,48,0
XXXXX0959_20060831,9506.69,0,0.9996587441503105,48,0
XXXXX0964_20090302,0.0,0,1.0,48,0
XXXXX0968_20220202,-1323.0,0,1.0,0,0
XXXXX0971_19980518,44291.46,0,1.0,48,0
XXXXX0976_20160222,12886.64,0,1.0,48,0
XXXXX0978_20191014,477.78999999999996,0,1.0,48,0
XXXXX0985_19920203,-13597.0,0,1.0,48,0
XXXXX0985_20210129,6610.4,0,1.0,48,0
XXXXX1001_20110211,-327031.82,0,1.0,48,0
XXXXX1005_20170213,1177.93,0,1.0,48,0
XXXXX1011_20110404,-4703.56,0,0.9930555555555555,48,1
XXXXX1012_19941014,2155.1000000000004,0,1.0,48,0
XXXXX1015_20131016,203771.64,0,0.9348344084283228,48,1
XXXXX1019_20000914,6498.63,0,1.0,48,0
XXXXX1021_20180202,8056.349999999999,0,1.0,48,0
XXXXX1022_20210129,-27.70999999999995,0,0.999999022234859,48,0
XXXXX1032_20120726,43182.89,0,1.0,48,0
XXXXX1035_20160223,48339.97,0,1.0,48,0
XXXXX1038_20001220,4288.78,0,1.0,48,0
XXXXX1068_19980820,0.0,0,1.0,48,0
XXXXX1075_19960209,-4961.6468,0,1.0,0,0
XXXXX1081_20180205,16657.92,0,1.0,48,0
XXXXX1082_20190201,0.0,0,1.0,0,0
XXXXX1086_20220207,-3091.38,0,1.0,48,0
XXXXX1096_20181105,359.51,0,1.0,48,0
XXXXX1107_20110906,365219.15,0,1.0,48,0
XXXXX1114_20191016,0.0,0,1.0,0,0
XXXXX1118_20191016,10270.169999999998,0,1.0,48,0
XXXXX1119_20170216,92942.9,0,1.0,48,0
XXXXX1125_20050204,-1867.21,0,0.9606809520036435,48,1
XXXXX1126_20090420,160888.28,0,0.9929973516079277,48,1
XXXXX1135_20160229,1387.52,0,1.0,48,0
XXXXX1145_20100301,-6566.48,0,1.0,0,0
XXXXX1149_20201116,147963.64,0,0.7689708223025135,48,1
XXXXX1152_20100309,75227.9,0,0.9977161777017775,48,0
XXXXX1154_20210907,16703.87,0,1.0,48,0
XXXXX1166_20220208,21735.0,0,1.0,48,0
XXXXX1179_20100511,-19179.75,0,1.0,48,0
XXXXX1185_20220208,169320.9,0,0.999925570428156,48,0
XXXXX1190_19971015,-180852.35,0,0.9604271759641146,48,1
XXXXX1191_20201117,0.0,0,1.0,48,0
XXXXX1200_20170220,122419.48,0,0.7238125966748012,48,1
XXXXX1207_20000901,-1819792.626604,0,1.0,48,0
XXXXX1220_20180208,0.0,0,1.0,48,0
XXXXX1221_20200204,22303.12,0,1.0,48,0
XXXXX1232_20150313,-9850.38,0,1.0,48,0
XXXXX1248_20040906,39681.5,0,1.0,48,0
XXXXX1249_20181108,16702.64,0,1.0,48,0
XXXXX1251_20020131,-18509.3,0,1.0,48,0
XXXXX1254_20190206,26038.5,0,0.8541666666666666,48,1
XXXXX1259_20150316,81636.13,0,1.0,48,0
XXXXX1266_20170222,12190.5,0,0.8958333333333334,48,1
XXXXX1268_20201119,50328.0,0,0.8541666666666666,48,1
XXXXX1275_20200205,-13985.6,0,1.0,48,0
XXXXX1280_19920129,-387628.04,0,1.0,48,0
XXXXX1281_20080723,54.24,0,1.0,48,0
XXXXX1293_20160309,7840.8,0,0.8529792405273137,48,1
XXXXX1300_20080214,687.96,0,1.0,48,0
XXXXX1308_20190207,-61787.12999999999,0,1.0,48,0
XXXXX1322_19980716,-1258332.5999999999,0,1.0,48,0
XXXXX1327_20070214,6311.7300000000005,0,1.0,48,0
XXXXX1329_20201120,1107.0,0,0.9791666666666666,48,1
XXXXX1332_20140127,260.05,0,1.0,0,0
XXXXX1335_20030729,-242801.65,0,1.0,48,0
XXXXX1338_20210909,411336.9,0,0.9621180473853701,48,1
XXXXX1343_20210204,1632.1000000000001,0,1.0,48,0
XXXXX1348_20061229,24077.25,0,1.0,48,0
XXXXX1355_20010228,0.0,0,1.0,48,0
XXXXX1361_20031204,-91232.72,0,1.0,48,0
XXXXX1361_20180212,2956.5,0,1.0,48,0
XXXXX1363_20120926,0.0,0,1.0,0,0
XXXXX1373_20080221,13814.1,0,1.0,48,0
XXXXX1381_20090202,0.0,0,1.0,48,0
XXXXX1385_19971125,964.2600000000001,0,1.0,48,0
XXXXX1389_20181112,-1541.6999999999998,0,1.0,48,0
XXXXX1393_20130521,160802.21,0,0.3541666666666667,48,1
XXXXX1394_20150325,12207.35,0,0.9998190535731325,48,0
XXXXX1395_20050518,129359.48,0,0.8333333333333334,48,1
XXXXX1395_20201123,6978.67,0,1.0,48,0
XXXXX1401_19980606,18046.135,0,0.9015822916666667,48,1
XXXXX1404_20180213,17900.44,0,0.9897119341563786,48,1
XXXXX1404_20210204,17308.73,0,0.9989752262177567,48,0
XXXXX1405_20110623,40500.0,0,1.0,48,0
XXXXX1406_20030627,-5902.89,0,1.0,48,0
XXXXX1418_20170227,325.1800000000002,0,1.0,48,0
XXXXX1422_20210910,26446.67,0,0.3718951590897384,48,1
XXXXX1428_20180213,554694.5,0,0.9412822342162114,48,1
XXXXX1433_20030519,-21298.42,0,1.0,48,0
XXXXX1436_20130211,143387.06,0,1.0,48,0
XXXXX1437_20170228,60429.3,0,0.9930555555555555,48,1
XXXXX1437_20191022,7239.99,0,0.8958333333333334,48,1
XXXXX1452_20080825,1066478.3652999983,0,0.8329883050892315,48,1
XXXXX1462_20081014,0.0,0,1.0,48,0
XXXXX1474_20180214,0.0,0,1.0,48,0
XXXXX1478_20140404,297.0,0,1.0,48,0
XXXXX1484_20210913,64840.5,0,0.33958333333333335,48,1
XXXXX1489_20030325,67805.88,0,1.0,48,0
XXXXX1498_20130627,271.35,0,1.0,48,0
XXXXX1509_20190212,0.0,0,1.0,48,0
XXXXX1512_19921021,63204.69,0,0.9798727280791467,48,1
XXXXX1517_19910923,547.3,0,1.0,48,0
XXXXX1518_20150330,24540.260000000002,0,1.0,48,0
XXXXX1522_19960418,35095.38,0,0.9788595507928509,48,1
XXXXX1523_19960425,-142706.51,0,1.0,0,0
XXXXX1527_20220213,995.8,0,1.0,48,0
XXXXX1534_20150330,-28163.73,0,1.0,48,0
XXXXX1536_19950206,-397157.19000000006,0,1.0,48,0
XXXXX1544_20000608,182599.4,0,1.0,48,0
XXXXX1564_20180215,24547.57,0,0.9989718988270706,48,0
XXXXX1565_20220214,3888.0,0,1.0,48,0
XXXXX1566_20190213,27437.379999999997,0,0.8958333333333334,48,1
XXXXX1567_20081001,33669.23,0,1.0,48,0
XXXXX1568_20200211,74216.7,0,0.9814486991301745,48,1
XXXXX1579_20200211,2878.59,0,0.9791666666666666,48,1
XXXXX1584_20060705,-12298.140000000003,0,0.9375,48,1
XXXXX1591_20200211,5429.9,0,0.9193181818181818,48,1
XXXXX1592_20160323,136959.48,0,1.0,48,0
XXXXX1596_20080404,-8842.5,0,1.0,0,0
XXXXX1611_19990809,4482.66,0,1.0,48,0
XXXXX1620_20191024,0.0,0,1.0,48,0
XXXXX1622_20181116,5249.77,0,0.9166666666666666,48,1
XXXXX1625_20210914,95942.3,0,0.7015462535209273,48,1
XXXXX1630_20181116,10109.72,0,0.8473936899862826,48,1
XXXXX1634_20170307,68815.65,0,0.42361024958515886,48,1
XXXXX1636_20190215,204832.01,0,1.0,48,0
XXXXX1637_20210209,19498.54,0,0.875,48,1
XXXXX1638_20060927,142631.11,0,0.5632374860089554,48,1
XXXXX1661_20000821,-12080.78,0,1.0,48,0
XXXXX1662_20150408,86115.58,0,0.9791666666666666,48,1
XXXXX1669_20200213,136605.81,0,0.877492731801222,48,1
XXXXX1670_20001116,43373.13,0,0.7916666666666666,48,1
XXXXX1682_20140401,-4.680000000000007,0,1.0,48,0
XXXXX1685_20050207,-691224.6,0,0.999499802811727,48,0
XXXXX1689_20130430,610.2,0,1.0,48,0
XXXXX1690_20000405,-84483.53,0,1.0,48,0
XXXXX1696_20061006,97874.14,0,0.8122825556500111,48,1
XXXXX1711_20150410,11128.3,0,0.9898769951293193,48,1
XXXXX1718_20150410,-425.66,0,1.0,0,0
XXXXX1727_20091103,7719.97,0,1.0,48,0
XXXXX1732_20170310,13128.960000000001,0,0.9375,48,1
XXXXX1736_19980513,5472.72,0,0.9791666666666666,48,1
XXXXX1748_20150414,607.5,0,1.0,0,0
XXXXX1749_19930202,-22964.72,0,0.9999912944705912,48,0
XXXXX1751_20050302,23816.769999999997,0,1.0,48,0
XXXXX1755_20200214,2154.35,0,1.0,48,0
XXXXX1759_20210916,4271.05,0,1.0,48,0
XXXXX1768_20220217,922694.14,0,1.0,48,0
XXXXX1772_20070313,121.50000000000011,0,1.0,48,0
XXXXX1781_19960715,-127748.726591,0,0.9990306545370555,48,0
XXXXX1787_20140404,-46159.29,0,0.9997792444702993,48,0
XXXXX1789_20210211,2835.0,0,1.0,48,0
XXXXX1795_20170313,0.0,0,1.0,48,0
XXXXX1797_20181120,2993.63,0,1.0,48,0
XXXXX1801_20140127,56694.17,0,0.8958333333333334,48,1
XXXXX1801_20201203,216.86000000000013,0,1.0,48,0
XXXXX1808_19950830,96499.860184,0,0.9583333333333334,48,1
XXXXX1822_20040511,0.0,0,1.0,48,0
XXXXX1835_19980507,120109.72,0,1.0,48,0
XXXXX1836_20160405,-5670.0,0,1.0,0,0
XXXXX1845_20191025,142917.78,0,1.0,48,0
XXXXX1850_20160406,9835.24,0,1.0,48,0
XXXXX1858_19930202,50551.07,0,1.0,48,0
XXXXX1863_20071011,3945.05,0,1.0,48,0
XXXXX1878_20190220,9703.96,0,0.9930555555555555,48,1
XXXXX1896_20210917,5400.0,0,1.0,48,0
XXXXX1902_20210917,27736.03,0,0.8886002952374801,48,1
XXXXX1915_20100731,675.0,0,1.0,0,0
XXXXX1919_19920904,-122079.61,0,1.0,48,0
XXXXX1919_20210920,180821.53,0,0.9722222222222222,48,1
XXXXX1930_20201210,29722.8,0,0.9791666666666666,48,1
XXXXX1933_20200218,2475.4,0,1.0,48,0
XXXXX1935_20210212,11800.0,0,1.0,48,0
XXXXX1947_20190221,22279.84,0,0.9380389228198743,48,1
XXXXX1953_19930202,19646.06248,0,1.0,48,0
XXXXX1962_19920904,-4928.4800000000005,0,1.0,0,0
XXXXX1985_20190222,0.0,0,1.0,0,0
XXXXX1986_20090420,2794.5,0,1.0,48,0
XXXXX1988_20170317,21143.8,0,1.0,48,0
XXXXX1990_20050801,-1.84,0,1.0,48,0
XXXXX1993_20210215,57106.32,0,0.7910404927787963,48,1
XXXXX1996_20200218,80190.0,0,0.9930555555555555,48,1
XXXXX1998_20070817,12048.75,0,0.9843703181013503,48,1
XXXXX2000_20150427,45463.79,0,0.9983288526088027,48,0
XXXXX2001_19920904,-6429.24,0,1.0,48,0
XXXXX2014_19910807,1064637.14,0,1.0,48,0
XXXXX2014_20140127,4108.4800000000005,0,1.0,48,0
XXXXX2023_20040617,152482.63749999998,0,1.0,48,0
XXXXX2024_20210922,78085.18,0,0.9791666666666666,48,1
XXXXX2026_19911203,391059.0,0,1.0,48,0
XXXXX2027_20000621,38552.184,0,0.9956644732388037,48,0
XXXXX2028_20181127,-9179.84,0,1.0,48,0
XXXXX2042_20020315,3749.1099999999997,0,0.9566291529592212,48,1
XXXXX2043_20181127,10664.24,0,0.8033323473051787,48,1
XXXXX2050_20030409,15510.26,0,1.0,48,0
XXXXX2055_20190225,23990.1,0,1.0,48,0
XXXXX2056_19930202,4685.52,0,1.0,48,0
XXXXX2059_20041216,1066478.3652999983,0,0.9374637375059124,48,1
XXXXX2071_20150429,-3029.13,0,1.0,0,0
XXXXX2082_19920904,24383.05231,0,1.0,48,0
XXXXX2088_19910923,-137562.4,0,1.0,0,0
XXXXX2091_20180301,9.32,0,1.0,48,0
XXXXX2094_20200220,-87.75,0,1.0,48,0
XXXXX2102_20160418,8089.09,0,1.0,48,0
XXXXX2108_19911015,64228.799999999996,0,0.9998286612663297,0,0
XXXXX2110_20140205,15718.95,0,0.9990692978233296,48,0
XXXXX2147_20021219,710.5799999999998,0,1.0,48,0
XXXXX2160_20150506,-5082.51,0,1.0,48,0
XXXXX2179_20000612,3939.0,0,1.0,48,0
XXXXX2181_20160421,-9980.779999999999,0,1.0,48,0
XXXXX2188_20030331,-58852.939999999995,0,1.0,48,0
XXXXX2222_20150512,-176155.05,0,1.0,48,0
XXXXX2224_20061003,-73236.81999999999,0,0.9946799614023801,0,0
XXXXX2225_20010718,3485.2,0,1.0,0,0
XXXXX2227_20110801,111976.36,0,0.9173874977668949,48,1
XXXXX2231_20160425,3797.29,0,0.9375,48,1
XXXXX2234_20041216,-2701.1150000000007,0,1.0,48,0
XXXXX2246_20191108,10476.9,0,0.812144697943587,48,1
XXXXX2249_20210924,30989.21,0,0.9996457697030764,48,0
XXXXX2260_20130902,-346169.75,0,1.0,0,0
XXXXX2260_20180308,-13169.279999999999,0,1.0,48,0
XXXXX2265_20031006,34730.37,0,1.0,48,0
XXXXX2272_20000828,0.0,0,1.0,48,0
XXXXX2275_20160426,-3763.9,0,1.0,0,0
XXXXX2301_20181203,1210.14,0,1.0,48,0
XXXXX2303_20181203,2052.0,0,1.0,48,0
XXXXX2304_20110214,-90661.44,0,1.0,48,0
XXXXX2315_20201224,16144.02,0,0.9583333333333334,48,1
XXXXX2316_20140311,13214.68,0,1.0,48,0
XXXXX2320_20090624,-17637.03,0,1.0,48,0
XXXXX2325_20191111,-10553.7,0,1.0,48,0
XXXXX2332_20040405,149861.62,0,0.9691889838769364,48,1
XXXXX2333_20090923,-7426.0,0,1.0,48,0
XXXXX2334_20060601,35429.07,0,0.9641500474833808,48,1
XXXXX2338_20030725,1085.37,0,0.9859126984126984,48,1
XXXXX2339_20140131,3773.93,0,0.9841715513425227,48,1
XXXXX2342_20050630,1417.72,0,0.9973821190334448,48,0
XXXXX2354_19911210,965.25,0,1.0,48,0
XXXXX2376_20120703,0.0,0,0.9611604281942031,48,1
XXXXX2383_20080505,-4830.64,0,1.0,0,0
XXXXX2397_20030520,-73786.19,0,1.0,0,0
XXXXX2398_20160429,-9492.97,0,1.0,48,0
XXXXX2405_20111220,-7096.150000000001,0,1.0,48,0
XXXXX2407_20071107,-6790.03,0,1.0,0,0
XXXXX2408_20041111,52867.24,0,1.0,48,0
XXXXX2408_20050314,5157.0,0,1.0,48,0
XXXXX2415_20030805,11778.56,0,1.0,48,0
XXXXX2417_20210222,27592.9,0,0.9930555555555555,48,1
XXXXX2419_20050908,14223.12,0,1.0,48,0
XXXXX2423_19910705,-45900.94128,0,1.0,48,0
XXXXX2423_20120106,-7116.84,0,1.0,0,0
XXXXX2438_20060908,16394.92,0,0.9967018692974111,48,0
XXXXX2450_20010317,67895.46,0,0.9932886525429355,48,0
XXXXX2451_20170331,0.0,0,1.0,48,0
XXXXX2452_20200227,48691.35,0,0.9930555555555555,48,1
XXXXX2459_20170403,46318.5,0,0.875,48,1
XXXXX2468_20190305,16011.800000000001,0,1.0,48,0
XXXXX2476_20170403,26242.0,0,0.5860871127315521,48,1
XXXXX2480_20190305,-315.6,0,1.0,0,0
XXXXX2481_20180314,391.5,0,1.0,48,0
XXXXX2482_20140326,-30160.76,0,1.0,48,0
XXXXX2493_20210222,130470.6,0,1.0,48,0
XXXXX2497_20140213,-655.1100000000001,0,1.0,48,0
XXXXX2499_20010131,-17220.305,0,1.0,48,0
XXXXX2508_20210223,6075.0,0,1.0,48,0
XXXXX2513_20191115,0.0,0,1.0,48,0
XXXXX2524_20120504,-30875.93,0,1.0,48,0
XXXXX2527_20240221,500492.23,0,0.9114869517901908,48,1
XXXXX2530_20070302,59951.88,0,0.9188572887343379,48,1
XXXXX2530_20150527,27731.87,0,0.9930555555555555,48,1
XXXXX2535_20180316,61364.979999999996,0,0.8535325504075505,48,1
XXXXX2535_20200228,-762.48,0,0.9989628669884302,48,0
XXXXX2537_20120504,1066478.3652999983,0,0.9577340258425836,48,1
XXXXX2546_20181210,76189.59,0,1.0,48,0
XXXXX2550_20100323,-10371.39,0,1.0,48,0
XXXXX2581_20200228,1381.81,0,1.0,48,0
XXXXX2588_20181212,25072.86,0,0.9930555555555555,48,1
XXXXX2589_20100712,18602.71,0,1.0,48,0
XXXXX2601_20080515,-76868.0,0,1.0,48,0
XXXXX2607_20090424,-34896.4,0,1.0,48,0
XXXXX2612_20160511,5702.17,0,1.0,48,0
XXXXX2622_20170406,6154.35,0,1.0,48,0
XXXXX2628_20101124,-56651.27,0,1.0,48,0
XXXXX2631_19920603,0.0,0,1.0,0,0
XXXXX2646_20191119,13365.0,0,0.8316482843137255,48,1
XXXXX2646_20200228,15862.5,0,1.0,48,0
XXXXX2648_20210224,24110.62,0,0.6761904761904761,48,1
XXXXX2656_20080924,6720.04,0,1.0,48,0
XXXXX2657_20091013,4687.9,0,0.9991615485218683,48,0
XXXXX2662_20211001,7416.4800000000005,0,0.7708333333333334,48,1
XXXXX2663_20210224,-8682.369999999999,0,0.9914215686274509,48,1
XXXXX2664_20191120,3240.0,0,1.0,48,0
XXXXX2667_20200302,186172.09,0,0.6484928095170289,48,1
XXXXX2679_19950206,-91770.954004,0,0.9999999741312338,0,0
XXXXX2679_20070801,0.0,0,1.0,48,0
XXXXX2683_19920409,-41184.56,0,1.0,48,0
XXXXX2684_20190312,-5504.62,0,0.9999980507085517,48,0
XXXXX2704_20100929,11708.93,0,1.0,0,0
XXXXX2710_20181214,-40401.05,0,1.0,48,0
XXXXX2724_20050318,-77500.435,0,1.0,48,0
XXXXX2725_20240226,25339.5,0,1.0,48,0
XXXXX2740_20100206,15342.640000000001,0,1.0,0,0
XXXXX2741_20200303,88236.0,0,1.0,48,0
XXXXX2752_20181217,-222.75,0,1.0,48,0
XXXXX2754_20181217,15901.08,0,1.0,48,0
XXXXX2756_20070220,752137.61,0,0.9603600432757616,48,1
XXXXX2756_20090122,162291.28,0,0.9585268253656642,48,1
XXXXX2765_20181218,8242.76,0,0.9166666666666666,48,1
XXXXX2772_20050630,8414.4,0,1.0,48,0
XXXXX2776_20120328,900892.73,0,1.0,48,0
XXXXX2787_20080714,-420.9200000000001,0,1.0,48,0
XXXXX2793_20160518,1927.9399999999998,0,1.0,48,0
XXXXX2795_20120528,-120226.24,0,1.0,48,0
XXXXX2800_20191125,-6398.58,0,1.0,0,0
XXXXX2822_20150615,3159.0,0,1.0,48,0
XXXXX2824_19950206,-139243.083694,0,1.0,0,0
XXXXX2837_20211005,529.28,0,1.0,48,0
XXXXX2849_20211006,1404.36,0,1.0,48,0
XXXXX2857_19921005,0.0,0,1.0,48,0
XXXXX2876_20090318,0.0,0,1.0,48,0
XXXXX2881_20200305,11276.57,0,1.0,48,0
XXXXX2897_20110530,-131.36,0,1.0,48,0
XXXXX2928_20070404,12187.44,0,0.9583333333333334,48,1
XXXXX2933_20070417,15648.21,0,1.0,48,0
XXXXX2937_20111214,-237284.50000000003,0,0.9999957608337674,48,0
XXXXX2944_20181227,22665.99,0,0.9586513460843725,48,1
XXXXX2949_20170419,34790.229999999996,0,1.0,48,0
XXXXX2956_20090318,-29520.49,0,0.9163056426823885,48,1
XXXXX2959_20111019,-2681.93,0,1.0,48,0
XXXXX2970_20191129,14045.35,0,1.0,48,0
XXXXX2971_20020820,29313.96,0,0.9583333333333334,48,1
XXXXX2971_20061113,1166.17,0,1.0,48,0
XXXXX2978_20211007,293.78,0,1.0,48,0
XXXXX2998_20051012,-179.12999999999997,0,1.0,0,0
XXXXX3000_20191129,162671.53,0,1.0,48,0
XXXXX3001_20210226,24195.16,0,0.9530756285204012,48,1
XXXXX3012_20210226,77933.61,0,0.967515751213509,48,1
XXXXX3016_20090817,0.0,0,1.0,48,0
XXXXX3033_20130211,0.0,0,0.9930555555555555,48,1
XXXXX3034_20110316,5749.44,0,1.0,48,0
XXXXX3058_20070907,285314.19,0,0.9998743640912765,48,0
XXXXX3064_20160530,2848.35,0,1.0,48,0
XXXXX3070_20200310,-55752.42,0,0.9997728331389483,0,0
XXXXX3075_20130320,0.0,0,1.0,48,0
XXXXX3081_20150630,-15187.5,0,1.0,48,0
XXXXX3093_20200310,684.48,0,1.0,48,0
XXXXX3098_20110311,25287.6,0,1.0,48,0
XXXXX3104_20101130,65780.72,0,1.0,48,0
XXXXX3117_20050323,30666.22,0,1.0,48,0
XXXXX3138_20060905,-102981.088576,0,1.0,48,0
XXXXX3155_19920217,-154917.26,0,1.0,48,0
XXXXX3162_20180406,77584.86,0,1.0,48,0
XXXXX3164_20081003,-8505.0,0,1.0,48,0
XXXXX3166_20210303,30488.48,0,1.0,48,0
XXXXX3170_20150707,-19440.0,0,1.0,0,0
XXXXX3183_20081111,24949.36,0,1.0,48,0
XXXXX3185_20111219,0.0,0,1.0,48,0
XXXXX3192_20040702,-587628.3844,0,1.0,0,0
XXXXX3198_20080529,13.5,0,1.0,48,0
XXXXX3205_20060207,73657.84,0,1.0,48,0
XXXXX3206_20200311,19071.06,0,1.0,48,0
XXXXX3214_20071206,-197759.7,0,1.0,48,0
XXXXX3229_20081117,-24624.65,0,1.0,48,0
XXXXX3231_20200311,8372.0,0,0.746141975308642,48,1
XXXXX3233_20170428,391399.44,0,1.0,48,0
XXXXX3237_20110421,243.0,0,0.9747512261837389,48,1
XXXXX3239_20120522,143.0100000000001,0,1.0,48,0
XXXXX3248_20111003,153484.47,0,0.9446394348620583,48,1
XXXXX3254_20081216,15642.73,0,0.9930555555555555,48,1
XXXXX3255_20070226,119289.28,0,0.6458040249018364,48,1
XXXXX3263_20041220,52783.822278,0,1.0,48,0
XXXXX3266_20210304,-982.8000000000002,0,1.0,48,0
XXXXX3267_20110403,0.0,0,1.0,48,0
XXXXX3276_20131217,-4205.879999999999,0,1.0,48,0
XXXXX3277_20071018,61058.14,0,0.503720238095238,48,1
XXXXX3303_20091117,295760.18,0,1.0,48,0
XXXXX3323_20090113,907.6699999999998,0,1.0,48,0
XXXXX3341_20140627,0.0,0,1.0,0,0
XXXXX3346_20170503,188956.08,0,1.0,48,0
XXXXX3350_20090113,-2702.8399999999997,0,0.9795601196096947,48,1
XXXXX3366_20070205,246172.5,0,1.0,48,0
XXXXX3368_20100726,-15851.400000000001,0,1.0,48,0
XXXXX3371_20131021,53107.38,0,0.9791666666666666,48,1
XXXXX3378_20050531,26117.0,0,1.0,48,0
XXXXX3379_19920409,-15906.33,0,1.0,48,0
XXXXX3388_20221108,7227.48,0,1.0,48,0
XXXXX3395_20071009,165385.62,0,0.9583333333333334,48,1
XXXXX3414_20080515,88399.88,0,1.0,48,0
XXXXX3417_20160613,-2004.08,0,0.9791666666666666,48,1
XXXXX3427_20150727,20541.69,0,0.9696673461947767,48,1
XXXXX3441_20210310,0.0,0,1.0,48,0
XXXXX3457_20200317,795.1600000000001,0,1.0,48,0
XXXXX3461_20210310,-846.5799999999999,0,1.0,48,0
XXXXX3468_20111020,37506.32,0,0.9583333333333334,48,1
XXXXX3470_20070723,15553.8,0,1.0,48,0
XXXXX3485_20150729,-1139.58,0,1.0,48,0
XXXXX3489_20130301,1908.94,0,1.0,48,0
XXXXX3512_20140714,21978.0,0,1.0,48,0
XXXXX3513_20210311,-48634.880000000005,0,1.0,48,0
XXXXX3515_20191217,32344.68,0,0.9930555555555555,48,1
XXXXX3518_20050704,-45.72000000000003,0,1.0,48,0
XXXXX3521_20060426,-43069.68,0,1.0,0,0
XXXXX3521_20180417,0.0,0,1.0,48,0
XXXXX3521_20191217,405.0,0,1.0,48,0
XXXXX3525_20081002,0.0,0,1.0,48,0
XXXXX3525_20120717,5320.35,0,1.0,48,0
XXXXX3539_20100416,-4146.530000000001,0,1.0,48,0
XXXXX3543_20210311,-1161.0,0,1.0,48,0
XXXXX3559_20091026,145900.32,0,1.0,48,0
XXXXX3574_20070405,-16160.248223999999,0,1.0,0,0
XXXXX3630_20200320,-1475.5900000000001,0,1.0,48,0
XXXXX3630_20210312,4576.1900000000005,0,0.8749998663476117,48,1
XXXXX3632_20070515,208838.56,0,1.0,48,0
XXXXX3632_20211022,1158.8200000000002,0,0.9375,48,1
XXXXX3637_20150807,-154564.22,0,1.0,48,0
XXXXX3645_20051212,3846.78,0,1.0,48,0
XXXXX3647_20210315,53234.46,0,0.8140363095286648,48,1
XXXXX3648_20110602,-9777.67,0,1.0,48,0
XXXXX3676_20070815,25183.655,0,0.9930555555555555,48,1
XXXXX3683_20101028,14577.71,0,1.0,48,0
XXXXX3692_20090417,702.28,0,0.9951923076923076,48,0
XXXXX3698_20180420,25792.05,0,1.0,48,0
XXXXX3719_20210316,-3989172.68,0,1.0,48,0
XXXXX3730_20120802,24545.25,0,0.9897263822837851,48,0
XXXXX3732_20090225,-1286.47,0,1.0,48,0
XXXXX3733_20170516,51936.6,0,0.9980042141500475,48,0
XXXXX3757_20150814,1422.95,0,1.0,48,0
XXXXX3770_20110622,22769.69,0,1.0,48,0
XXXXX3771_20140731,-27901.74,0,1.0,48,0
XXXXX3782_20110927,42736.69,0,1.0,48,0
XXXXX3790_20200325,5015.03,0,1.0,48,0
XXXXX3796_20111221,-27355.75,0,1.0,48,0
XXXXX3796_20210317,0.0,0,1.0,48,0
XXXXX3803_20131004,22527.9,0,1.0,48,0
XXXXX3805_20100531,40039.93,0,0.9962441899032229,48,0
XXXXX3811_20211028,6980.68,0,0.8324494985393894,48,1
XXXXX3819_20160628,-22464.489999999998,0,1.0,48,0
XXXXX3820_20170517,148992.75,0,0.9552427324864788,48,1
XXXXX3821_20200327,3218.73,0,1.0,48,0
XXXXX3849_20210318,89973.63,0,0.7033604906089187,48,1
XXXXX3852_20080418,0.0,0,1.0,48,0
XXXXX3861_20210318,315.5999999999997,0,1.0,48,0
XXXXX3875_20190408,20209.98,0,1.0,48,0
XXXXX3897_20140811,33686.15,0,0.9930555555555555,48,1
XXXXX3914_20130103,2687.85,0,1.0,48,0
XXXXX3925_20150824,23411.77,0,1.0,48,0
XXXXX3926_20140813,1238.0,0,0.9166666666666666,48,1
XXXXX3929_20121102,45151.56,0,0.4583333333333333,48,1
XXXXX3937_20150824,19350.0,0,1.0,48,0
XXXXX3938_20100120,-2031.75,0,1.0,48,0
XXXXX3940_20211102,2611.34,0,1.0,48,0
XXXXX3943_20150824,888.87,0,1.0,0,0
XXXXX3945_20211103,7074.5,0,1.0,48,0
XXXXX3951_20190409,309749.93,0,1.0,48,0
XXXXX3952_20100126,112308.26,0,0.9593082922824302,48,1
XXXXX3966_20140814,1767.9600000000028,0,1.0,48,0
XXXXX3977_20160707,16402.5,0,1.0,48,0
XXXXX3988_20211104,41233.08,0,0.9332282648047635,48,1
XXXXX3997_20110131,8706.73,0,1.0,48,0
XXXXX4002_20101119,-3297.58,0,1.0,48,0
XXXXX4031_20131204,-685.6500000000001,0,0.9656250000000001,48,1
XXXXX4033_20090204,29019.85,0,1.0,48,0
XXXXX4035_19920410,28378.217184,0,0.9840457786869236,48,1
XXXXX4057_20100901,219094.4,0,0.820307998123403,48,1
XXXXX4063_20150831,-53389.52999999999,0,1.0,48,0
XXXXX4066_20190410,3481.02,0,1.0,48,0
XXXXX4069_19920907,-3712.2100000000005,0,1.0,48,0
XXXXX4070_20120614,7792.4,0,0.9930555555555555,48,1
XXXXX4073_20130529,9520.68,0,1.0,48,0
XXXXX4079_20160711,61894.71,0,1.0,48,0
XXXXX4096_20120903,100517.5,0,1.0,48,0
XXXXX4100_20140822,8874.9,0,1.0,48,0
XXXXX4102_20200429,-2152.74,0,1.0,48,0
XXXXX4111_20101130,-3970.26,0,1.0,48,0
XXXXX4132_20190411,-15732.92,0,1.0,48,0
XXXXX4135_20210326,54.0,0,1.0,48,0
XXXXX4138_20110126,-3222.75,0,1.0,48,0
XXXXX4152_20150903,0.0,0,1.0,48,0
XXXXX4152_20170526,95860.27,0,1.0,48,0
XXXXX4190_20090531,-6463.85,0,1.0,48,0
XXXXX4221_20140829,-36923.44,0,1.0,48,0
XXXXX4251_20111122,-10659.96,0,1.0,48,0
XXXXX4276_20140904,-231432.25,0,1.0,48,0
XXXXX4280_20090420,-2703.46,0,1.0,48,0
XXXXX4281_20210330,1755.0,0,1.0,48,0
XXXXX4293_20100709,-4605.68,0,1.0,48,0
XXXXX4314_20211115,0.0,0,1.0,48,0
XXXXX4324_20131113,49.32,0,1.0,48,0
XXXXX4334_20190416,5864.49,0,1.0,48,0
XXXXX4334_20200512,-7314.84,0,1.0,48,0
XXXXX4363_20121228,0.0,0,1.0,0,0
XXXXX4363_20160726,8831.4,0,0.9501886145404663,48,1
XXXXX4376_20170601,106399.07,0,0.9995695568864774,48,0
XXXXX4383_20211117,27340.14,0,0.8916847041847041,48,1
XXXXX4417_20210401,0.0,0,1.0,48,0
XXXXX4429_20200514,3258.2000000000003,0,0.9583333333333334,48,1
XXXXX4432_20180514,11247.87,0,0.9930555555555555,48,1
XXXXX4435_20160728,-378.40999999999997,0,1.0,48,0
XXXXX4437_20150923,-294.08000000000004,0,1.0,48,0
XXXXX4440_20190418,20618.32,0,1.0,48,0
XXXXX4441_20211118,0.0,0,1.0,0,0
XXXXX4442_19910703,-148901.56,0,1.0,48,0
XXXXX4461_20190418,3895.3599999999997,0,1.0,48,0
XXXXX4469_20150925,50677.68,0,1.0,48,0
XXXXX4471_20220406,1602.32,0,1.0,48,0
XXXXX4480_20160729,-3452.5,0,1.0,48,0
XXXXX4520_20210407,72025.88,0,0.9375,48,1
XXXXX4546_20160803,1951.83,0,1.0,48,0
XXXXX4554_20180516,78997.91,0,1.0,48,0
XXXXX4570_20101027,169043.73,0,0.9379794352180183,48,1
XXXXX4570_20220408,28470.3,0,1.0,48,0
XXXXX4572_20121018,20783.25,0,0.9930555555555555,48,1
XXXXX4583_20160804,-2088.0,0,1.0,48,0
XXXXX4585_20110311,5316.0599999999995,0,1.0,48,0
XXXXX4600_20110920,41094.0,0,1.0,48,0
XXXXX4613_20130724,-37000.28,0,1.0,48,0
XXXXX4614_20130729,3809.01,0,1.0,0,0
XXXXX4621_20190425,25655.87,0,0.9791666666666666,48,1
XXXXX4623_20210409,60370.44,0,0.35555555555555557,48,1
XXXXX4633_20211125,67836.56,0,1.0,48,0
XXXXX4636_20131009,64958.6,0,0.3958333333333333,48,1
XXXXX4654_20090406,-32400.100000000002,0,1.0,48,0
XXXXX4657_20130116,124859.69,0,0.9793886120546386,48,1
XXXXX4660_20140930,864.86,0,1.0,48,0
XXXXX4660_20220411,9204.41,0,1.0,48,0
XXXXX4674_20111129,-30351.94,0,1.0,48,0
XXXXX4679_20140930,-8439.32,0,1.0,48,0
XXXXX4685_20151006,0.0,0,1.0,48,0
XXXXX4690_20250417,99904.04999999999,0,0.9906862857715523,48,0
XXXXX4697_19910703,-13046.956432,0,1.0,48,0
XXXXX4707_20210412,123852.95999999999,0,0.9168272416947056,48,1
XXXXX4722_20151008,-3453.3,0,1.0,0,0
XXXXX4726_20190426,2737.78,0,1.0,48,0
XXXXX4727_20100331,-6255.0,0,1.0,48,0
XXXXX4733_20200528,6210.0,0,1.0,48,0
XXXXX4737_20190429,39710.85,0,0.7118639494469595,48,1
XXXXX4761_20211130,10490.95,0,0.9791666666666666,48,1
XXXXX4766_20151012,98.64,0,1.0,48,0
XXXXX4805_20151013,5180.360000000001,0,0.9375,48,1
XXXXX4807_20180523,30061.06,0,1.0,48,0
XXXXX4812_20200601,14040.0,0,1.0,48,0
XXXXX4814_20131030,-10601.92,0,1.0,48,0
XXXXX4839_20180523,18422.78,0,0.8975694444444445,48,1
XXXXX4852_20190502,28489.36,0,0.7466802628117533,48,1
XXXXX4874_20190503,-9496.99,0,1.0,48,0
XXXXX4882_20180524,7310.0,0,0.9166666666666666,48,1
XXXXX4913_20131224,32367.32,0,0.9722222222222222,48,1
XXXXX4917_20090420,-36130.29,0,1.0,48,0
XXXXX4920_20200605,-5363.38,0,1.0,48,0
XXXXX4927_20200605,567.5,0,1.0,48,0
XXXXX4933_20130605,0.0,0,1.0,48,0
XXXXX4940_20180528,1682.3700000000001,0,0.9980339407648579,48,0
XXXXX4943_20211207,-282.66,0,1.0,48,0
XXXXX4947_20130906,49453.020000000004,0,0.7083333333333334,48,1
XXXXX4955_20151021,8762.67,0,0.9959070483796548,48,0
XXXXX4968_20180529,14108.42,0,1.0,48,0
XXXXX5034_20220425,6337.8,0,1.0,0,0
XXXXX5042_20180530,28552.5,0,1.0,48,0
XXXXX5048_20110311,2728.24,0,0.9828869371514002,48,1
XXXXX5072_19910621,-99851.02951699999,0,0.9997130409438313,48,0
XXXXX5073_20211210,-76826.68,0,1.0,48,0
XXXXX5094_20180531,8298.04,0,1.0,48,0
XXXXX5167_20090105,30269.25,0,1.0,48,0
XXXXX5171_20211215,1751.4399999999998,0,1.0,48,0
XXXXX5183_20211215,3240.0,0,1.0,48,0
XXXXX5196_20170623,56256.72,0,0.9590742057847321,48,1
XXXXX5201_20170627,-42230.17,0,1.0,48,0
XXXXX5222_20130422,36234.36,0,1.0,48,0
XXXXX5223_20180605,18425.88,0,0.9930555555555555,48,1
XXXXX5223_20190510,-7209.0,0,1.0,0,0
XXXXX5228_20200615,80017.65,0,0.9450260732988762,48,1
XXXXX5230_20190510,1633.5,0,0.9992007774298979,48,0
XXXXX5233_20160901,7276.32,0,1.0,48,0
XXXXX5235_20151106,-67.5,0,1.0,48,0
XXXXX5244_20141106,9053.14,0,0.9236111111111112,48,1
XXXXX5245_20190510,56672.58,0,1.0,48,0
XXXXX5249_20210423,0.0,0,1.0,0,0
XXXXX5252_20211217,12312.0,0,0.8125,48,1
XXXXX5252_20230421,7128.54,0,1.0,48,0
XXXXX5257_20151109,-44532.05,0,0.9795259906512982,48,1
XXXXX5263_20090601,7892.44,0,1.0,48,0
XXXXX5265_20210423,34183.24,0,0.9941666666666666,48,1
XXXXX5271_20211217,810.0,0,1.0,48,0
XXXXX5273_20160905,51949.5,0,0.9930555555555555,48,1
XXXXX5284_20160905,6885.0,0,1.0,48,0
XXXXX5292_20190513,440.0,0,1.0,48,0
XXXXX5316_20160906,-12909.67,0,1.0,48,0
XXXXX5346_20211221,0.0,0,1.0,48,0
XXXXX5359_20190514,-1012.5,0,1.0,48,0
XXXXX5361_20190514,582.32,0,1.0,48,0
XXXXX5364_20170630,9268.97,0,1.0,48,0
XXXXX5367_20160908,1066478.3652999983,0,0.9880484361914664,48,0
XXXXX5380_20160909,121277.25,0,0.5416666666666666,48,1
XXXXX5389_20180608,13551.84,0,0.9828869047619048,48,1
XXXXX5400_20200619,4252.5,0,1.0,48,0
XXXXX5409_20211224,41650.35,0,1.0,0,0
XXXXX5415_20130221,11356.09,0,0.7075617283950617,48,1
XXXXX5427_20160913,717.32,0,1.0,48,0
XXXXX5436_20141120,-299.02,0,1.0,48,0
XXXXX5452_20211231,2079.0,0,1.0,48,0
XXXXX5452_20240426,213516.0,0,0.44183167846868443,48,1
XXXXX5460_20120528,-150694.91999999998,0,1.0,0,0
XXXXX5465_19910827,-8236.800000000001,0,1.0,48,0
XXXXX5465_20160915,3428.2799999999997,0,1.0,48,0
XXXXX5487_20131204,27670.84,0,0.9791666666666666,48,1
XXXXX5493_20141125,4590.0,0,1.0,48,0
XXXXX5497_20141125,1940.01,0,1.0,48,0
XXXXX5505_20151120,16653.0,0,1.0,48,0
XXXXX5515_20170706,25447.5,0,0.9166666666666666,48,1
XXXXX5527_20151123,-2105.71,0,1.0,48,0
XXXXX5544_20160919,731595.4400000001,0,0.9423134744737075,48,1
XXXXX5545_20220511,23225.92,0,0.9649305555555556,48,1
XXXXX5555_20160919,0.0,0,1.0,48,0
XXXXX5558_20130522,-26391.38,0,1.0,48,0
XXXXX5559_20170707,659.37,0,1.0,48,0
XXXXX5573_20160920,-945.0,0,1.0,48,0
XXXXX5602_20160922,56187.05,0,0.875,48,1
XXXXX5608_20170707,4387.5,0,1.0,48,0
XXXXX5613_20200626,145.8,0,1.0,48,0
XXXXX5626_19910705,-2092732.7200000002,0,1.0,0,0
XXXXX5642_20130507,555.88,0,1.0,48,0
XXXXX5644_20120522,-2595.08,0,1.0,0,0
XXXXX5644_20180618,0.0,0,1.0,48,0
XXXXX5672_20141208,32964.91,0,0.9480227899133866,48,1
XXXXX5688_20190520,37260.0,0,1.0,48,0
XXXXX5694_20190520,486.0,0,1.0,48,0
XXXXX5697_20180619,26851.5,0,1.0,48,0
XXXXX5719_20200630,7811.34,0,1.0,48,0
XXXXX5765_20121122,677.7,0,1.0,48,0
XXXXX5776_20210505,21546.0,0,1.0,0,0
XXXXX5777_20121122,-5855.64,0,1.0,0,0
XXXXX5778_20121122,299899.0,0,1.0,48,0
XXXXX5781_20210505,945.0,0,1.0,48,0
XXXXX5785_20200701,8475.99,0,0.8125,48,1
XXXXX5797_20121122,0.0,0,1.0,0,0
XXXXX5825_20180621,-8450.0,0,1.0,48,0
XXXXX5842_20210506,4539.88,0,1.0,48,0
XXXXX5872_20130813,6889.61,0,0.9791666666666666,48,1
XXXXX5882_20190524,-2062.88,0,1.0,0,0
XXXXX5944_20130605,-1066.5,0,1.0,48,0
XXXXX5944_20180626,6207.0,0,1.0,48,0
XXXXX5994_20200708,20829.06,0,1.0,48,0
XXXXX6020_20161011,1.12,0,1.0,48,0
XXXXX6106_20200713,5224.92,0,0.9819999148993664,48,1
XXXXX6117_20180703,2310.83,0,1.0,48,0
XXXXX6132_20131129,1431.0,0,1.0,48,0
XXXXX6135_20161014,1066478.3652999983,0,0.8284965043443825,48,1
XXXXX6155_20121010,46427.25,0,0.9787904356973788,48,1
XXXXX6170_20120111,216.0,0,1.0,48,0
XXXXX6177_20180704,8810.05,0,0.9583333333333334,48,1
XXXXX6188_20210513,23962.5,0,1.0,48,0
XXXXX6189_20170725,3302.3399999999997,0,0.9166666666666666,48,1
XXXXX6201_20200715,0.0,0,1.0,48,0
XXXXX6216_20190606,42496.38,0,1.0,48,0
XXXXX6229_20210514,10638.0,0,0.9878920716637661,48,0
XXXXX6230_20121030,-60395.5,0,1.0,48,0
XXXXX6242_20210514,6284.79,0,0.7291666666666666,48,1
XXXXX6263_20180705,0.0,0,1.0,48,0
XXXXX6274_20121012,-15853.82,0,1.0,48,0
XXXXX6281_20210517,2384.6,0,0.8993055555555555,48,1
XXXXX6298_20180706,298487.94,0,1.0,48,0
XXXXX6307_20210517,49008.49,0,1.0,48,0
XXXXX6308_20161024,51766.47,0,0.9995764677480277,48,0
XXXXX6339_20190610,724.9,0,1.0,48,0
XXXXX6372_20131021,3011.7400000000002,0,1.0,48,0
XXXXX6391_20161027,68657.23,0,1.0,48,0
XXXXX6416_20161028,44753.28,0,1.0,48,0
XXXXX6422_20200721,688.5,0,1.0,48,0
XXXXX6425_20130221,-137808.0,0,1.0,0,0
XXXXX6467_20180712,736.48,0,1.0,48,0
XXXXX6468_20121220,24105.0,0,0.9583333333333334,48,1
XXXXX6501_20200723,32218.83,0,0.8988875102870271,48,1
XXXXX6522_20120705,-3200.0,0,0.9614895304767205,48,1
XXXXX6529_20190614,1806.42,0,1.0,48,0
XXXXX6564_20180713,6761.21,0,0.9791666666666666,48,1
XXXXX6596_20210521,44847.5,0,0.9878774762429797,48,1
XXXXX6607_20190617,54215.49,0,1.0,48,0
XXXXX6609_20210521,18906.3,0,1.0,48,0
XXXXX6624_20120103,17976.29,0,0.9930555555555555,48,1
XXXXX6628_20120103,152544.13,0,0.6194915835974634,48,1
XXXXX6646_20161110,202.5,0,1.0,48,0
XXXXX6659_20130222,7843.35,0,1.0,48,0
XXXXX6675_20161111,34846.59,0,0.7708333333333334,48,1
XXXXX6694_20170808,28469.67,0,0.7232501551961331,48,1
XXXXX6704_20161115,18223.11,0,1.0,48,0
XXXXX6722_20220610,11368.24,0,1.0,48,0
XXXXX6756_20170810,27181.15,0,1.0,48,0
XXXXX6770_20170810,6172.04,0,1.0,48,0
XXXXX6776_20210526,32194.58,0,0.8124950996245931,48,1
XXXXX6797_20130404,15001.56,0,0.8871637955201787,48,1
XXXXX6830_20130415,8503.26,0,1.0,48,0
XXXXX6838_20220614,-55636.08,0,0.999969819941799,48,0
XXXXX6852_20170814,5523.01,0,1.0,48,0
XXXXX6863_20200806,0.0,0,0.9861111111111112,48,1
XXXXX6907_20200807,-663.75,0,1.0,48,0
XXXXX6913_20200807,22672.75,0,1.0,48,0
XXXXX6931_20161123,100185.3,0,1.0,48,0
XXXXX6942_20170815,5376.2,0,0.8541666666666666,48,1
XXXXX6993_20190627,3007.2799999999997,0,1.0,48,0
XXXXX7026_20200810,-1332.51,0,1.0,48,0
XXXXX7029_20180725,20006.45,0,1.0,48,0
XXXXX7037_20180725,0.0,0,1.0,48,0
XXXXX7049_20220620,-1894.2900000000004,0,1.0,48,0
XXXXX7065_20200811,13918.5,0,1.0,48,0
XXXXX7087_20190628,4315.88,0,0.9930555555555555,48,1
XXXXX7241_20170822,0.0,0,1.0,48,0
XXXXX7275_20161215,-607.5,0,1.0,0,0
XXXXX7296_20210607,49244.25,0,1.0,48,0
XXXXX7302_20190705,73777.73,0,1.0,48,0
XXXXX7335_20180801,10252.48,0,1.0,48,0
XXXXX7432_20161223,0.0,0,1.0,48,0
XXXXX7432_20210610,6544.75,0,1.0,48,0
XXXXX7456_20190710,29551.32,0,1.0,48,0
XXXXX7477_20190711,4197.12,0,1.0,48,0
XXXXX7480_20200819,-5129.0,0,1.0,48,0
XXXXX7499_20170829,345716.74,0,1.0,48,0
XXXXX7521_20190711,8795.5,0,1.0,48,0
XXXXX7525_20180807,0.0,0,1.0,48,0
XXXXX7588_20120629,24849.62,0,1.0,48,0
XXXXX7623_20190715,0.0,0,1.0,0,0
XXXXX7686_20190716,-486.48,0,1.0,0,0
XXXXX7725_20190717,75166.96,0,1.0,48,0
XXXXX7731_20170906,72073.79,0,1.0,48,0
XXXXX7734_20120824,41626.8,0,0.9778190719842036,48,1
XXXXX7779_20200826,17312.31,0,1.0,48,0
XXXXX7796_20120630,-23799.06,0,0.984375,48,1
XXXXX7811_20210617,13662.0,0,1.0,48,0
XXXXX7830_20190718,8245.35,0,1.0,48,0
XXXXX7849_20210618,169641.0,0,1.0,48,1
XXXXX7883_20210618,3403.96,0,1.0,0,0
XXXXX7888_20121121,-2390.0,0,1.0,48,0
XXXXX7888_20200828,-112.0,0,1.0,48,0
XXXXX7904_20180815,769.7,0,1.0,48,0
XXXXX7904_20200828,40890.44,0,1.0,48,0
XXXXX7929_20170912,7226.26,0,0.9375,48,1
XXXXX7934_20210620,3564.0,0,1.0,48,0
XXXXX7979_20190723,58508.17,0,0.8926726881614978,48,1
XXXXX8162_20170918,-6492.1,0,1.0,0,0
XXXXX8171_20200903,34348.08,0,0.9343199233716475,48,1
XXXXX8223_20170919,3676.14,0,0.999034268669018,48,0
XXXXX8226_20180824,0.0,0,1.0,48,0
XXXXX8239_20170920,5112.2699999999995,0,1.0,48,0
XXXXX8282_20210628,9193.72,0,1.0,48,0
XXXXX8292_20170922,14037.57,0,1.0,48,0
XXXXX8310_20170922,15507.38,0,0.9603937728937729,48,1
XXXXX8320_20210629,8965.96,0,1.0,48,0
XXXXX8346_20190801,4077.0,0,1.0,48,0
XXXXX8367_20210629,44145.0,0,0.9930555555555555,48,1
XXXXX8393_20210630,26551.68,0,0.8593217520673306,48,1
XXXXX8453_20230630,-3839.96,0,0.6041666666666666,48,1
XXXXX8458_20190807,0.0,0,1.0,48,0
XXXXX8475_20190808,7951.5,0,1.0,48,0
XXXXX8488_20180831,1906.8600000000001,0,1.0,48,0
XXXXX8511_20200911,12999.550000000001,0,1.0,48,0
XXXXX8536_20180903,0.0,0,1.0,0,0
XXXXX8590_20220801,6745.110000000001,0,1.0,48,0
XXXXX8592_20170929,0.0,0,1.0,48,0
XXXXX8602_20170929,838.96,0,1.0,48,0
XXXXX8606_20200914,14444.77,0,0.7706088602863503,48,1
XXXXX8678_20200915,28285.21,0,1.0,48,0
XXXXX8687_20210707,-7600.0,0,1.0,48,0
XXXXX8742_20190819,71874.87000000001,0,1.0,48,0
XXXXX8758_20171005,6427.7,0,1.0,48,0
XXXXX8766_20180907,17485.8,0,1.0,48,0
XXXXX8773_20190820,59398.020000000004,0,1.0,48,0
XXXXX8804_20171006,11215.44,0,1.0,48,0
XXXXX8866_20190821,17168.37,0,1.0,48,0
XXXXX8936_20190823,-4020.8,0,1.0,48,0
XXXXX8985_20200923,-854.2299999999998,0,0.9678571428571429,48,1
XXXXX8995_20200923,11683.95,0,0.7699536861762275,48,1
XXXXX9002_20190826,15995.02,0,1.0,48,0
XXXXX9023_20210715,4025.8500000000004,0,1.0,48,0
XXXXX9032_20190827,135158.9,0,0.8116161652060562,48,1
XXXXX9056_20200925,486.0,0,1.0,48,0
XXXXX9074_20210715,-4615.8,0,1.0,48,0
XXXXX9080_20190827,21060.0,0,1.0,48,0
XXXXX9085_20200925,-540.0,0,1.0,0,0
XXXXX9111_20210716,-9814.35,0,1.0,48,0
XXXXX9113_20180918,649.22,0,1.0,48,0
XXXXX9167_20171016,0.0,0,1.0,48,0
XXXXX9201_20210719,1219.78,0,0.9861111111111112,48,1
XXXXX9202_20200929,-11767.39,0,1.0,0,0
XXXXX9216_20200929,607.5,0,0.9755691579895931,48,1
XXXXX9218_20190830,-2080.42,0,1.0,0,0
XXXXX9245_20180920,-59347.009999999995,0,1.0,48,0
XXXXX9250_20200930,-7734.76,0,1.0,0,0
XXXXX9270_20171018,-12541.5,0,1.0,48,0
XXXXX9285_20190902,0.0,0,1.0,48,0
XXXXX9344_20180925,46925.78,0,1.0,48,0
XXXXX9380_20171019,4444.88,0,1.0,48,0
XXXXX9392_20201002,42733.9,0,0.9787912912912913,48,1
XXXXX9396_20180926,224342.47,0,0.9920167662115859,48,1
XXXXX9398_20180926,3040.73,0,0.9893233579093588,48,1
XXXXX9412_20201002,0.0,0,1.0,48,0
XXXXX9418_20171020,23561.31,0,0.8750446312150232,48,1
XXXXX9467_20180927,6195.31,0,1.0,48,0
XXXXX9502_20171023,1141.4,0,1.0,48,0
XXXXX9503_20180927,1762.74,0,1.0,48,0
XXXXX9588_20190910,-1006.71,0,1.0,48,0
XXXXX9624_20171026,52848.03,0,0.9791666666666666,48,1
XXXXX9646_20201008,162797.45,0,1.0,48,0
XXXXX9667_20171026,-5524.35,0,1.0,48,0
XXXXX9679_20190912,-3891.03,0,0.9791666666666666,48,1
XXXXX9702_20181003,2058.48,0,1.0,48,0
XXXXX9829_20210805,27780.3,0,1.0,48,0
XXXXX9840_20181008,10527.300000000001,0,1.0,48,0
XXXXX9879_20210806,420.0,0,1.0,48,0
XXXXX9912_20210806,-4059.33,0,1.0,48,0
XXXXX9964_20210809,7890.24,0,1.0,48,0
XXXXX9989_20210810,651.24,0,1.0,48,0
